ID,Year,Date,Stage,Home Team,Home Goals,Away Goals,Away Team,Win Conditions,Penalties
1,1930,13-07-30,Group stage,France,4,1,Mexico,,
2,1930,13-07-30,Group stage,United States,3,0,Belgium,,
3,1930,14-07-30,Group stage,Yugoslavia,2,1,Brazil,,
4,1930,14-07-30,Group stage,Romania,3,1,Peru,,
5,1930,15-07-30,Group stage,Argentina,1,0,France,,
6,1930,16-07-30,Group stage,Chile,3,0,Mexico,,
7,1930,17-07-30,Group stage,Yugoslavia,4,0,Bolivia,,
8,1930,17-07-30,Group stage,United States,3,0,Paraguay,,
9,1930,18-07-30,Group stage,Uruguay,1,0,Peru,,
10,1930,19-07-30,Group stage,Chile,1,0,France,,
11,1930,19-07-30,Group stage,Argentina,6,3,Mexico,,
12,1930,20-07-30,Group stage,Brazil,4,0,Bolivia,,
13,1930,20-07-30,Group stage,Paraguay,1,0,Belgium,,
14,1930,21-07-30,Group stage,Uruguay,4,0,Romania,,
15,1930,22-07-30,Group stage,Argentina,3,1,Chile,,
16,1930,26-07-30,Semi-finals,Argentina,6,1,United States,,
17,1930,27-07-30,Semi-finals,Uruguay,6,1,Yugoslavia,,
18,1930,30-07-30,Final,Uruguay,4,2,Argentina,,
19,1934,27-05-34,Round of 16,Austria,3,2,France,Extra time,
20,1934,27-05-34,Round of 16,Hungary,4,2,Egypt,,
21,1934,27-05-34,Round of 16,Switzerland,3,2,Netherlands,,
22,1934,27-05-34,Round of 16,Sweden,3,2,Argentina,,
23,1934,27-05-34,Round of 16,Germany,5,2,Belgium,,
24,1934,27-05-34,Round of 16,Spain,3,1,Brazil,,
25,1934,27-05-34,Round of 16,Italy,7,1,United States,,
26,1934,27-05-34,Round of 16,Czechoslovakia,2,1,Romania,,
27,1934,31-05-34,Quarter-finals,Czechoslovakia,3,2,Switzerland,,
28,1934,31-05-34,Quarter-finals,Germany,2,1,Sweden,,
29,1934,31-05-34,Quarter-finals,Italy,1,1,Spain,,
30,1934,31-05-34,Quarter-finals,Austria,2,1,Hungary,,
31,1934,01-06-34,Quarter-finals,Italy,1,0,Spain,,
32,1934,03-06-34,Semi-finals,Italy,1,0,Austria,,
33,1934,03-06-34,Semi-finals,Czechoslovakia,3,1,Germany,,
34,1934,07-06-34,Third place,Germany,3,2,Austria,,
35,1934,10-06-34,Final,Italy,2,1,Czechoslovakia,Extra time,
36,1938,04-06-38,Round of 16,Switzerland,1,1,Germany,,
37,1938,05-06-38,Round of 16,Hungary,6,0,Indonesia,,
38,1938,05-06-38,Round of 16,France,3,1,Belgium,,
39,1938,05-06-38,Round of 16,Cuba,3,3,Romania,,
40,1938,05-06-38,Round of 16,Italy,2,1,Norway,Extra time,
41,1938,05-06-38,Round of 16,Brazil,6,5,Poland,Extra time,
42,1938,05-06-38,Round of 16,Czechoslovakia,3,0,Netherlands,Extra time,
43,1938,09-06-38,Round of 16,Cuba,2,1,Romania,,
44,1938,09-06-38,Round of 16,Switzerland,4,2,Germany,,
45,1938,12-06-38,Quarter-finals,Brazil,1,1,Czechoslovakia,,
46,1938,12-06-38,Quarter-finals,Hungary,2,0,Switzerland,,
47,1938,12-06-38,Quarter-finals,Sweden,8,0,Cuba,,
48,1938,12-06-38,Quarter-finals,France,1,3,Italy,,
49,1938,14-06-38,Quarter-finals,Brazil,2,1,Czechoslovakia,,
50,1938,16-06-38,Semi-finals,Hungary,5,1,Sweden,,
51,1938,16-06-38,Semi-finals,Italy,2,1,Brazil,,
52,1938,19-06-38,Third place,Brazil,4,2,Sweden,,
53,1938,19-06-38,Final,Italy,4,2,Hungary,,
54,1950,24-06-50,First round,Brazil,4,0,Mexico,,
55,1950,25-06-50,First round,England,2,0,Chile,,
56,1950,25-06-50,First round,Spain,3,1,United States,,
57,1950,25-06-50,First round,Sweden,3,2,Italy,,
58,1950,25-06-50,First round,Yugoslavia,3,0,Switzerland,,
59,1950,28-06-50,First round,Brazil,2,2,Switzerland,,
60,1950,28-06-50,First round,Yugoslavia,4,1,Mexico,,
61,1950,29-06-50,First round,Spain,2,0,Chile,,
62,1950,29-06-50,First round,United States,1,0,England,,
63,1950,29-06-50,First round,Sweden,2,2,Paraguay,,
64,1950,01-07-50,First round,Brazil,2,0,Yugoslavia,,
65,1950,02-07-50,First round,Spain,1,0,England,,
66,1950,02-07-50,First round,Italy,2,0,Paraguay,,
67,1950,02-07-50,First round,Uruguay,8,0,Bolivia,,
68,1950,02-07-50,First round,Chile,5,2,United States,,
69,1950,02-07-50,First round,Switzerland,2,1,Mexico,,
70,1950,09-07-50,Final round,Uruguay,2,2,Spain,,
71,1950,09-07-50,Final round,Brazil,7,1,Sweden,,
72,1950,13-07-50,Final round,Brazil,6,1,Spain,,
73,1950,13-07-50,Final round,Uruguay,3,2,Sweden,,
74,1950,16-07-50,Final round,Sweden,3,1,Spain,,
75,1950,16-07-50,Final round,Uruguay,2,1,Brazil,,
76,1954,16-06-54,Group stage,Uruguay,2,0,Czechoslovakia,,
77,1954,16-06-54,Group stage,Austria,1,0,Scotland,,
78,1954,16-06-54,Group stage,Brazil,5,0,Mexico,,
79,1954,16-06-54,Group stage,Yugoslavia,1,0,France,,
80,1954,17-06-54,Group stage,Switzerland,2,1,Italy,,
81,1954,17-06-54,Group stage,Germany,4,1,Turkey,,
82,1954,17-06-54,Group stage,Hungary,9,0,South Korea,,
83,1954,17-06-54,Group stage,England,4,4,Belgium,,
84,1954,19-06-54,Group stage,Uruguay,7,0,Scotland,,
85,1954,19-06-54,Group stage,Austria,5,0,Czechoslovakia,,
86,1954,19-06-54,Group stage,Brazil,1,1,Yugoslavia,,
87,1954,19-06-54,Group stage,France,3,2,Mexico,,
88,1954,20-06-54,Group stage,Hungary,8,3,Germany,,
89,1954,20-06-54,Group stage,Turkey,7,0,South Korea,,
90,1954,20-06-54,Group stage,Italy,4,1,Belgium,,
91,1954,20-06-54,Group stage,Switzerland,0,2,England,,
92,1954,23-06-54,Group stage,Germany,7,2,Turkey,,
93,1954,23-06-54,Group stage,Switzerland,4,1,Italy,,
94,1954,26-06-54,Quarter-finals,Uruguay,4,2,England,,
95,1954,26-06-54,Quarter-finals,Switzerland,5,7,Austria,,
96,1954,27-06-54,Quarter-finals,Germany,2,0,Yugoslavia,,
97,1954,27-06-54,Quarter-finals,Hungary,4,2,Brazil,,
98,1954,30-06-54,Semi-finals,Germany,6,1,Austria,,
99,1954,30-06-54,Semi-finals,Hungary,4,2,Uruguay,Extra time,
100,1954,03-07-54,Third place,Austria,3,1,Uruguay,,
101,1954,04-07-54,Final,Germany,3,2,Hungary,,
102,1958,08-06-58,Group stage,Sweden,3,0,Mexico,,
103,1958,08-06-58,Group stage,Russia,2,2,England,,
104,1958,08-06-58,Group stage,Argentina,1,3,Germany,,
105,1958,08-06-58,Group stage,Hungary,1,1,Wales,,
106,1958,08-06-58,Group stage,France,7,3,Paraguay,,
107,1958,08-06-58,Group stage,Yugoslavia,1,1,Scotland,,
108,1958,08-06-58,Group stage,Brazil,3,0,Austria,,
109,1958,08-06-58,Group stage,Northern Ireland,1,0,Czechoslovakia,,
110,1958,11-06-58,Group stage,Brazil,0,0,England,,
111,1958,11-06-58,Group stage,Mexico,1,1,Wales,,
112,1958,11-06-58,Group stage,Paraguay,3,2,Scotland,,
113,1958,11-06-58,Group stage,Yugoslavia,3,2,France,,
114,1958,11-06-58,Group stage,Russia,2,0,Austria,,
115,1958,11-06-58,Group stage,Germany,2,2,Czechoslovakia,,
116,1958,11-06-58,Group stage,Argentina,3,1,Northern Ireland,,
117,1958,12-06-58,Group stage,Sweden,2,1,Hungary,,
118,1958,15-06-58,Group stage,Sweden,0,0,Wales,,
119,1958,15-06-58,Group stage,Brazil,2,0,Russia,,
120,1958,15-06-58,Group stage,Germany,2,2,Northern Ireland,,
121,1958,15-06-58,Group stage,Hungary,4,0,Mexico,,
122,1958,15-06-58,Group stage,Paraguay,3,3,Yugoslavia,,
123,1958,15-06-58,Group stage,France,2,1,Scotland,,
124,1958,15-06-58,Group stage,England,2,2,Austria,,
125,1958,15-06-58,Group stage,Czechoslovakia,6,1,Argentina,,
126,1958,17-06-58,Group stage,Russia,1,0,England,,
127,1958,17-06-58,Group stage,Northern Ireland,2,1,Czechoslovakia,Extra time,
128,1958,17-06-58,Group stage,Wales,2,1,Hungary,,
129,1958,19-06-58,Quarter-finals,Brazil,1,0,Wales,,
130,1958,19-06-58,Quarter-finals,Germany,1,0,Yugoslavia,,
131,1958,19-06-58,Quarter-finals,Sweden,2,0,Russia,,
132,1958,19-06-58,Quarter-finals,France,4,0,Northern Ireland,,
133,1958,24-06-58,Semi-finals,Sweden,3,1,Germany,,
134,1958,24-06-58,Semi-finals,Brazil,5,2,France,,
135,1958,28-06-58,Third place,France,6,3,Germany,,
136,1958,29-06-58,Final,Sweden,2,5,Brazil,,
137,1962,30-05-62,Group stage,Uruguay,2,1,Colombia,,
138,1962,30-05-62,Group stage,Brazil,2,0,Mexico,,
139,1962,30-05-62,Group stage,Argentina,1,0,Bulgaria,,
140,1962,30-05-62,Group stage,Chile,3,1,Switzerland,,
141,1962,31-05-62,Group stage,Russia,2,0,Yugoslavia,,
142,1962,31-05-62,Group stage,Czechoslovakia,1,0,Spain,,
143,1962,31-05-62,Group stage,Hungary,2,1,England,,
144,1962,31-05-62,Group stage,Germany,0,0,Italy,,
145,1962,02-06-62,Group stage,Yugoslavia,3,1,Uruguay,,
146,1962,02-06-62,Group stage,Brazil,0,0,Czechoslovakia,,
147,1962,02-06-62,Group stage,England,3,1,Argentina,,
148,1962,02-06-62,Group stage,Chile,2,0,Italy,,
149,1962,03-06-62,Group stage,Russia,4,4,Colombia,,
150,1962,03-06-62,Group stage,Spain,1,0,Mexico,,
151,1962,03-06-62,Group stage,Hungary,6,1,Bulgaria,,
152,1962,03-06-62,Group stage,Germany,2,1,Switzerland,,
153,1962,06-06-62,Group stage,Russia,2,1,Uruguay,,
154,1962,06-06-62,Group stage,Brazil,2,1,Spain,,
155,1962,06-06-62,Group stage,Hungary,0,0,Argentina,,
156,1962,06-06-62,Group stage,Chile,0,2,Germany,,
157,1962,07-06-62,Group stage,Yugoslavia,5,0,Colombia,,
158,1962,07-06-62,Group stage,Mexico,3,1,Czechoslovakia,,
159,1962,07-06-62,Group stage,England,0,0,Bulgaria,,
160,1962,07-06-62,Group stage,Italy,3,0,Switzerland,,
161,1962,10-06-62,Quarter-finals,Chile,2,1,Russia,,
162,1962,10-06-62,Quarter-finals,Brazil,3,1,England,,
163,1962,10-06-62,Quarter-finals,Czechoslovakia,1,0,Hungary,,
164,1962,10-06-62,Quarter-finals,Yugoslavia,1,0,Germany,,
165,1962,13-06-62,Semi-finals,Czechoslovakia,3,1,Yugoslavia,,
166,1962,13-06-62,Semi-finals,Chile,2,4,Brazil,,
167,1962,16-06-62,Third place,Chile,1,0,Yugoslavia,,
168,1962,17-06-62,Final,Brazil,3,1,Czechoslovakia,,
169,1966,11-07-66,Group stage,England,0,0,Uruguay,,
170,1966,12-07-66,Group stage,Germany,5,0,Switzerland,,
171,1966,12-07-66,Group stage,Brazil,2,0,Bulgaria,,
172,1966,12-07-66,Group stage,Russia,3,0,North Korea,,
173,1966,13-07-66,Group stage,France,1,1,Mexico,,
174,1966,13-07-66,Group stage,Portugal,3,1,Hungary,,
175,1966,13-07-66,Group stage,Argentina,2,1,Spain,,
176,1966,13-07-66,Group stage,Italy,2,0,Chile,,
177,1966,15-07-66,Group stage,Uruguay,2,1,France,,
178,1966,15-07-66,Group stage,Spain,2,1,Switzerland,,
179,1966,15-07-66,Group stage,Hungary,3,1,Brazil,,
180,1966,15-07-66,Group stage,North Korea,1,1,Chile,,
181,1966,16-07-66,Group stage,Portugal,3,0,Bulgaria,,
182,1966,16-07-66,Group stage,Germany,0,0,Argentina,,
183,1966,16-07-66,Group stage,Russia,1,0,Italy,,
184,1966,16-07-66,Group stage,England,2,0,Mexico,,
185,1966,19-07-66,Group stage,Uruguay,0,0,Mexico,,
186,1966,19-07-66,Group stage,Argentina,2,0,Switzerland,,
187,1966,19-07-66,Group stage,Portugal,3,1,Brazil,,
188,1966,19-07-66,Group stage,North Korea,1,0,Italy,,
189,1966,20-07-66,Group stage,England,2,0,France,,
190,1966,20-07-66,Group stage,Hungary,3,1,Bulgaria,,
191,1966,20-07-66,Group stage,Germany,2,1,Spain,,
192,1966,20-07-66,Group stage,Russia,2,1,Chile,,
193,1966,23-07-66,Quarter-finals,England,1,0,Argentina,,
194,1966,23-07-66,Quarter-finals,Germany,4,0,Uruguay,,
195,1966,23-07-66,Quarter-finals,Russia,2,1,Hungary,,
196,1966,23-07-66,Quarter-finals,Portugal,5,3,North Korea,,
197,1966,25-07-66,Semi-finals,Germany,2,1,Russia,,
198,1966,26-07-66,Semi-finals,England,2,1,Portugal,,
199,1966,28-07-66,Third place,Portugal,2,1,Russia,,
200,1966,30-07-66,Final,England,4,2,Germany,Extra time,
201,1970,31-05-70,Group stage,Mexico,0,0,Russia,,
202,1970,02-06-70,Group stage,Uruguay,2,0,Israel,,
203,1970,02-06-70,Group stage,Peru,3,2,Bulgaria,,
204,1970,02-06-70,Group stage,England,1,0,Romania,,
205,1970,03-06-70,Group stage,Italy,1,0,Sweden,,
206,1970,03-06-70,Group stage,Germany,2,1,Morocco,,
207,1970,03-06-70,Group stage,Brazil,4,1,Czechoslovakia,,
208,1970,03-06-70,Group stage,Belgium,3,0,El Salvador,,
209,1970,06-06-70,Group stage,Uruguay,0,0,Italy,,
210,1970,06-06-70,Group stage,Peru,3,0,Morocco,,
211,1970,06-06-70,Group stage,Romania,2,1,Czechoslovakia,,
212,1970,06-06-70,Group stage,Russia,4,1,Belgium,,
213,1970,07-06-70,Group stage,Sweden,1,1,Israel,,
214,1970,07-06-70,Group stage,Germany,5,2,Bulgaria,,
215,1970,07-06-70,Group stage,Brazil,1,0,England,,
216,1970,07-06-70,Group stage,Mexico,4,0,El Salvador,,
217,1970,10-06-70,Group stage,Sweden,1,0,Uruguay,,
218,1970,10-06-70,Group stage,Germany,3,1,Peru,,
219,1970,10-06-70,Group stage,Brazil,3,2,Romania,,
220,1970,10-06-70,Group stage,Russia,2,0,El Salvador,,
221,1970,11-06-70,Group stage,Italy,0,0,Israel,,
222,1970,11-06-70,Group stage,Bulgaria,1,1,Morocco,,
223,1970,11-06-70,Group stage,England,1,0,Czechoslovakia,,
224,1970,11-06-70,Group stage,Mexico,1,0,Belgium,,
225,1970,14-06-70,Quarter-finals,Mexico,1,4,Italy,,
226,1970,14-06-70,Quarter-finals,Germany,3,2,England,Extra time,
227,1970,14-06-70,Quarter-finals,Brazil,4,2,Peru,,
228,1970,14-06-70,Quarter-finals,Uruguay,1,0,Russia,Extra time,
229,1970,17-06-70,Semi-finals,Brazil,3,1,Uruguay,,
230,1970,17-06-70,Semi-finals,Italy,4,3,Germany,Extra time,
231,1970,20-06-70,Third place,Germany,1,0,Uruguay,,
232,1970,21-06-70,Final,Brazil,4,1,Italy,,
233,1974,13-06-74,First group stage,Brazil,0,0,Yugoslavia,,
234,1974,14-06-74,First group stage,Germany,1,0,Chile,,
235,1974,14-06-74,First group stage,East Germany,2,0,Australia,,
236,1974,14-06-74,First group stage,DR Congo,0,2,Scotland,,
237,1974,15-06-74,First group stage,Uruguay,0,2,Netherlands,,
238,1974,15-06-74,First group stage,Sweden,0,0,Bulgaria,,
239,1974,15-06-74,First group stage,Italy,3,1,Haiti,,
240,1974,15-06-74,First group stage,Poland,3,2,Argentina,,
241,1974,18-06-74,First group stage,Germany,3,0,Australia,,
242,1974,18-06-74,First group stage,Scotland,0,0,Brazil,,
243,1974,18-06-74,First group stage,Chile,1,1,East Germany,,
244,1974,18-06-74,First group stage,Yugoslavia,9,0,DR Congo,,
245,1974,19-06-74,First group stage,Netherlands,0,0,Sweden,,
246,1974,19-06-74,First group stage,Bulgaria,1,1,Uruguay,,
247,1974,19-06-74,First group stage,Haiti,0,7,Poland,,
248,1974,19-06-74,First group stage,Argentina,1,1,Italy,,
249,1974,22-06-74,First group stage,Scotland,1,1,Yugoslavia,,
250,1974,22-06-74,First group stage,Australia,0,0,Chile,,
251,1974,22-06-74,First group stage,DR Congo,0,3,Brazil,,
252,1974,22-06-74,First group stage,Germany,0,1,East Germany,,
253,1974,23-06-74,First group stage,Bulgaria,1,4,Netherlands,,
254,1974,23-06-74,First group stage,Argentina,4,1,Haiti,,
255,1974,23-06-74,First group stage,Sweden,3,0,Uruguay,,
256,1974,23-06-74,First group stage,Poland,2,1,Italy,,
257,1974,26-06-74,Second group stage,Germany,2,0,Yugoslavia,,
258,1974,26-06-74,Second group stage,Brazil,1,0,East Germany,,
259,1974,26-06-74,Second group stage,Netherlands,4,0,Argentina,,
260,1974,26-06-74,Second group stage,Sweden,0,1,Poland,,
261,1974,30-06-74,Second group stage,Argentina,1,2,Brazil,,
262,1974,30-06-74,Second group stage,Poland,2,1,Yugoslavia,,
263,1974,30-06-74,Second group stage,East Germany,0,2,Netherlands,,
264,1974,30-06-74,Second group stage,Germany,4,2,Sweden,,
265,1974,03-07-74,Second group stage,Germany,1,0,Poland,,
266,1974,03-07-74,Second group stage,Netherlands,2,0,Brazil,,
267,1974,03-07-74,Second group stage,Argentina,1,1,East Germany,,
268,1974,03-07-74,Second group stage,Sweden,2,1,Yugoslavia,,
269,1974,06-07-74,Third place,Brazil,0,1,Poland,,
270,1974,07-07-74,Final,Germany,2,1,Netherlands,,
271,1978,01-06-78,First group stage,Germany,0,0,Poland,,
272,1978,02-06-78,First group stage,Italy,2,1,France,,
273,1978,02-06-78,First group stage,Tunisia,3,1,Mexico,,
274,1978,02-06-78,First group stage,Argentina,2,1,Hungary,,
275,1978,03-06-78,First group stage,Sweden,1,1,Brazil,,
276,1978,03-06-78,First group stage,Austria,2,1,Spain,,
277,1978,03-06-78,First group stage,Peru,3,1,Scotland,,
278,1978,03-06-78,First group stage,Netherlands,3,0,Iran,,
279,1978,06-06-78,First group stage,Italy,3,1,Hungary,,
280,1978,06-06-78,First group stage,Poland,1,0,Tunisia,,
281,1978,06-06-78,First group stage,Germany,6,0,Mexico,,
282,1978,06-06-78,First group stage,Argentina,2,1,France,,
283,1978,07-06-78,First group stage,Brazil,0,0,Spain,,
284,1978,07-06-78,First group stage,Austria,1,0,Sweden,,
285,1978,07-06-78,First group stage,Scotland,1,1,Iran,,
286,1978,07-06-78,First group stage,Netherlands,0,0,Peru,,
287,1978,10-06-78,First group stage,France,3,1,Hungary,,
288,1978,10-06-78,First group stage,Poland,3,1,Mexico,,
289,1978,10-06-78,First group stage,Germany,0,0,Tunisia,,
290,1978,10-06-78,First group stage,Argentina,0,1,Italy,,
291,1978,11-06-78,First group stage,Brazil,1,0,Austria,,
292,1978,11-06-78,First group stage,Spain,1,0,Sweden,,
293,1978,11-06-78,First group stage,Peru,4,1,Iran,,
294,1978,11-06-78,First group stage,Scotland,3,2,Netherlands,,
295,1978,14-06-78,Second group stage,Germany,0,0,Italy,,
296,1978,14-06-78,Second group stage,Netherlands,5,1,Austria,,
297,1978,14-06-78,Second group stage,Brazil,3,0,Peru,,
298,1978,14-06-78,Second group stage,Argentina,2,0,Poland,,
299,1978,18-06-78,Second group stage,Poland,1,0,Peru,,
300,1978,18-06-78,Second group stage,Italy,1,0,Austria,,
301,1978,18-06-78,Second group stage,Germany,2,2,Netherlands,,
302,1978,18-06-78,Second group stage,Argentina,0,0,Brazil,,
303,1978,21-06-78,Second group stage,Netherlands,2,1,Italy,,
304,1978,21-06-78,Second group stage,Austria,3,2,Germany,,
305,1978,21-06-78,Second group stage,Brazil,3,1,Poland,,
306,1978,21-06-78,Second group stage,Argentina,6,0,Peru,,
307,1978,24-06-78,Third place,Brazil,2,1,Italy,,
308,1978,25-06-78,Final,Argentina,3,1,Netherlands,Extra time,
309,1982,13-06-82,First group stage,Argentina,0,1,Belgium,,
310,1982,14-06-82,First group stage,Italy,0,0,Poland,,
311,1982,14-06-82,First group stage,Brazil,2,1,Russia,,
312,1982,15-06-82,First group stage,Peru,0,0,Cameroon,,
313,1982,15-06-82,First group stage,Hungary,10,1,El Salvador,,
314,1982,15-06-82,First group stage,Scotland,5,2,New Zealand,,
315,1982,16-06-82,First group stage,Germany,1,2,Algeria,,
316,1982,16-06-82,First group stage,England,3,1,France,,
317,1982,16-06-82,First group stage,Spain,1,1,Honduras,,
318,1982,17-06-82,First group stage,Chile,0,1,Austria,,
319,1982,17-06-82,First group stage,Czechoslovakia,1,1,Kuwait,,
320,1982,17-06-82,First group stage,Yugoslavia,0,0,Northern Ireland,,
321,1982,18-06-82,First group stage,Italy,1,1,Peru,,
322,1982,18-06-82,First group stage,Argentina,4,1,Hungary,,
323,1982,18-06-82,First group stage,Brazil,4,1,Scotland,,
324,1982,19-06-82,First group stage,Poland,0,0,Cameroon,,
325,1982,19-06-82,First group stage,Belgium,1,0,El Salvador,,
326,1982,19-06-82,First group stage,Russia,3,0,New Zealand,,
327,1982,20-06-82,First group stage,Germany,4,1,Chile,,
328,1982,20-06-82,First group stage,England,2,0,Czechoslovakia,,
329,1982,20-06-82,First group stage,Spain,2,1,Yugoslavia,,
330,1982,21-06-82,First group stage,Algeria,0,2,Austria,,
331,1982,21-06-82,First group stage,France,4,1,Kuwait,,
332,1982,21-06-82,First group stage,Honduras,1,1,Northern Ireland,,
333,1982,22-06-82,First group stage,Poland,5,1,Peru,,
334,1982,22-06-82,First group stage,Belgium,1,1,Hungary,,
335,1982,22-06-82,First group stage,Russia,2,2,Scotland,,
336,1982,23-06-82,First group stage,Italy,1,1,Cameroon,,
337,1982,23-06-82,First group stage,Argentina,2,0,El Salvador,,
338,1982,23-06-82,First group stage,Brazil,4,0,New Zealand,,
339,1982,24-06-82,First group stage,Algeria,3,2,Chile,,
340,1982,24-06-82,First group stage,France,1,1,Czechoslovakia,,
341,1982,24-06-82,First group stage,Honduras,0,1,Yugoslavia,,
342,1982,25-06-82,First group stage,Germany,1,0,Austria,,
343,1982,25-06-82,First group stage,England,1,0,Kuwait,,
344,1982,25-06-82,First group stage,Spain,0,1,Northern Ireland,,
345,1982,28-06-82,Second group stage,Austria,0,1,France,,
346,1982,28-06-82,Second group stage,Poland,3,0,Belgium,,
347,1982,29-06-82,Second group stage,Italy,2,1,Argentina,,
348,1982,29-06-82,Second group stage,Germany,0,0,England,,
349,1982,01-07-82,Second group stage,Austria,2,2,Northern Ireland,,
350,1982,01-07-82,Second group stage,Belgium,0,1,Russia,,
351,1982,02-07-82,Second group stage,Argentina,1,3,Brazil,,
352,1982,02-07-82,Second group stage,Spain,1,2,Germany,,
353,1982,04-07-82,Second group stage,France,4,1,Northern Ireland,,
354,1982,04-07-82,Second group stage,Poland,0,0,Russia,,
355,1982,05-07-82,Second group stage,Italy,3,2,Brazil,,
356,1982,05-07-82,Second group stage,Spain,0,0,England,,
357,1982,08-07-82,Semi-finals,Poland,0,2,Italy,,
358,1982,08-07-82,Semi-finals,Germany,3,3,France,Germany win on penalties (5 - 4),Germany
359,1982,10-07-82,Third place,Poland,3,2,France,,
360,1982,11-07-82,Final,Italy,3,1,Germany,,
361,1986,31-05-86,Group stage,Bulgaria,1,1,Italy,,
362,1986,01-06-86,Group stage,Spain,0,1,Brazil,,
363,1986,01-06-86,Group stage,Canada,0,1,France,,
364,1986,02-06-86,Group stage,Russia,6,0,Hungary,,
365,1986,02-06-86,Group stage,Argentina,3,1,South Korea,,
366,1986,02-06-86,Group stage,Morocco,0,0,Poland,,
367,1986,03-06-86,Group stage,Algeria,1,1,Northern Ireland,,
368,1986,03-06-86,Group stage,Mexico,2,1,Belgium,,
369,1986,03-06-86,Group stage,Portugal,1,0,England,,
370,1986,04-06-86,Group stage,Paraguay,1,0,Iraq,,
371,1986,04-06-86,Group stage,Uruguay,1,1,Germany,,
372,1986,04-06-86,Group stage,Scotland,0,1,Denmark,,
373,1986,05-06-86,Group stage,Italy,1,1,Argentina,,
374,1986,05-06-86,Group stage,France,1,1,Russia,,
375,1986,05-06-86,Group stage,South Korea,1,1,Bulgaria,,
376,1986,06-06-86,Group stage,Hungary,2,0,Canada,,
377,1986,06-06-86,Group stage,Brazil,1,0,Algeria,,
378,1986,06-06-86,Group stage,England,0,0,Morocco,,
379,1986,07-06-86,Group stage,Northern Ireland,1,2,Spain,,
380,1986,07-06-86,Group stage,Mexico,1,1,Paraguay,,
381,1986,07-06-86,Group stage,Poland,1,0,Portugal,,
382,1986,08-06-86,Group stage,Iraq,1,2,Belgium,,
383,1986,08-06-86,Group stage,Germany,2,1,Scotland,,
384,1986,08-06-86,Group stage,Denmark,6,1,Uruguay,,
385,1986,09-06-86,Group stage,Hungary,0,3,France,,
386,1986,09-06-86,Group stage,Russia,2,0,Canada,,
387,1986,10-06-86,Group stage,South Korea,2,3,Italy,,
388,1986,10-06-86,Group stage,Argentina,2,0,Bulgaria,,
389,1986,11-06-86,Group stage,Paraguay,2,2,Belgium,,
390,1986,11-06-86,Group stage,Mexico,1,0,Iraq,,
391,1986,11-06-86,Group stage,Portugal,1,3,Morocco,,
392,1986,11-06-86,Group stage,England,3,0,Poland,,
393,1986,12-06-86,Group stage,Northern Ireland,0,3,Brazil,,
394,1986,12-06-86,Group stage,Algeria,0,3,Spain,,
395,1986,13-06-86,Group stage,Scotland,0,0,Uruguay,,
396,1986,13-06-86,Group stage,Denmark,2,0,Germany,,
397,1986,15-06-86,Round of 16,Mexico,2,0,Bulgaria,,
398,1986,15-06-86,Round of 16,Russia,3,4,Belgium,Extra time,
399,1986,16-06-86,Round of 16,Brazil,4,0,Poland,,
400,1986,16-06-86,Round of 16,Argentina,1,0,Uruguay,,
401,1986,17-06-86,Round of 16,Italy,0,2,France,,
402,1986,17-06-86,Round of 16,Morocco,0,1,Germany,,
403,1986,18-06-86,Round of 16,England,3,0,Paraguay,,
404,1986,18-06-86,Round of 16,Denmark,1,5,Spain,,
405,1986,21-06-86,Quarter-finals,Brazil,1,1,France,France win on penalties (3 - 4),France
406,1986,21-06-86,Quarter-finals,Mexico,0,0,Germany,Germany win on penalties (4 - 1),Germany
407,1986,22-06-86,Quarter-finals,Argentina,2,1,England,,
408,1986,22-06-86,Quarter-finals,Spain,1,1,Belgium,Belgium win on penalties (4 - 5),Belgium
409,1986,25-06-86,Semi-finals,France,0,2,Germany,,
410,1986,25-06-86,Semi-finals,Argentina,2,0,Belgium,,
411,1986,28-06-86,Third place,France,4,2,Belgium,Extra time,
412,1986,29-06-86,Final,Argentina,3,2,Germany,,
413,1990,08-06-90,Group stage,Argentina,0,1,Cameroon,,
414,1990,09-06-90,Group stage,Russia,0,2,Romania,,
415,1990,09-06-90,Group stage,United Arab Emirates,0,2,Colombia,,
416,1990,09-06-90,Group stage,Italy,1,0,Austria,,
417,1990,10-06-90,Group stage,United States,1,5,Czechoslovakia,,
418,1990,10-06-90,Group stage,Brazil,2,1,Sweden,,
419,1990,10-06-90,Group stage,Germany,4,1,Yugoslavia,,
420,1990,11-06-90,Group stage,Costa Rica,1,0,Scotland,,
421,1990,11-06-90,Group stage,England,1,1,Republic of Ireland,,
422,1990,12-06-90,Group stage,Belgium,2,0,South Korea,,
423,1990,12-06-90,Group stage,Netherlands,1,1,Egypt,,
424,1990,13-06-90,Group stage,Uruguay,0,0,Spain,,
425,1990,13-06-90,Group stage,Argentina,2,0,Russia,,
426,1990,14-06-90,Group stage,Cameroon,2,1,Romania,,
427,1990,14-06-90,Group stage,Yugoslavia,1,0,Colombia,,
428,1990,14-06-90,Group stage,Italy,1,0,United States,,
429,1990,15-06-90,Group stage,Austria,0,1,Czechoslovakia,,
430,1990,15-06-90,Group stage,Germany,5,1,United Arab Emirates,,
431,1990,16-06-90,Group stage,Brazil,1,0,Costa Rica,,
432,1990,16-06-90,Group stage,Sweden,1,2,Scotland,,
433,1990,16-06-90,Group stage,England,0,0,Netherlands,,
434,1990,17-06-90,Group stage,Republic of Ireland,0,0,Egypt,,
435,1990,17-06-90,Group stage,South Korea,1,3,Spain,,
436,1990,17-06-90,Group stage,Belgium,3,1,Uruguay,,
437,1990,18-06-90,Group stage,Argentina,1,1,Romania,,
438,1990,18-06-90,Group stage,Cameroon,0,4,Russia,,
439,1990,19-06-90,Group stage,Germany,1,1,Colombia,,
440,1990,19-06-90,Group stage,Yugoslavia,4,1,United Arab Emirates,,
441,1990,19-06-90,Group stage,Italy,2,0,Czechoslovakia,,
442,1990,19-06-90,Group stage,Austria,2,1,United States,,
443,1990,20-06-90,Group stage,Brazil,1,0,Scotland,,
444,1990,20-06-90,Group stage,Sweden,1,2,Costa Rica,,
445,1990,21-06-90,Group stage,South Korea,0,1,Uruguay,,
446,1990,21-06-90,Group stage,Belgium,1,2,Spain,,
447,1990,21-06-90,Group stage,Republic of Ireland,1,1,Netherlands,,
448,1990,21-06-90,Group stage,England,1,0,Egypt,,
449,1990,23-06-90,Round of 16,Cameroon,2,1,Colombia,Extra time,
450,1990,23-06-90,Round of 16,Czechoslovakia,4,1,Costa Rica,,
451,1990,24-06-90,Round of 16,Brazil,0,1,Argentina,,
452,1990,24-06-90,Round of 16,Germany,2,1,Netherlands,,
453,1990,25-06-90,Round of 16,Republic of Ireland,0,0,Romania,Republic of Ireland win on penalties (5 - 4),Republic of Ireland
454,1990,25-06-90,Round of 16,Italy,2,0,Uruguay,,
455,1990,26-06-90,Round of 16,Spain,1,2,Yugoslavia,Extra time,
456,1990,26-06-90,Round of 16,England,1,0,Belgium,Extra time,
457,1990,30-06-90,Quarter-finals,Yugoslavia,0,0,Argentina,Argentina win on penalties (2 - 3),Argentina
458,1990,30-06-90,Quarter-finals,Italy,1,0,Republic of Ireland,,
459,1990,01-07-90,Quarter-finals,Germany,1,0,Czechoslovakia,,
460,1990,01-07-90,Quarter-finals,England,3,2,Cameroon,Extra time,
461,1990,03-07-90,Semi-finals,Italy,1,1,Argentina,Argentina win on penalties (3 - 4),Argentina
462,1990,04-07-90,Semi-finals,Germany,1,1,England,Germany win on penalties (4 - 3),Germany
463,1990,07-07-90,Third place,Italy,2,1,England,,
464,1990,08-07-90,Final,Germany,1,0,Argentina,,
465,1994,17-06-94,Group stage,Germany,1,0,Bolivia,,
466,1994,17-06-94,Group stage,Spain,2,2,South Korea,,
467,1994,18-06-94,Group stage,United States,1,1,Switzerland,,
468,1994,18-06-94,Group stage,Italy,0,1,Republic of Ireland,,
469,1994,18-06-94,Group stage,Colombia,1,3,Romania,,
470,1994,19-06-94,Group stage,Belgium,1,0,Morocco,,
471,1994,19-06-94,Group stage,Norway,1,0,Mexico,,
472,1994,19-06-94,Group stage,Cameroon,2,2,Sweden,,
473,1994,20-06-94,Group stage,Brazil,2,0,Russia,,
474,1994,20-06-94,Group stage,Netherlands,2,1,Saudi Arabia,,
475,1994,21-06-94,Group stage,Argentina,4,0,Greece,,
476,1994,21-06-94,Group stage,Germany,1,1,Spain,,
477,1994,21-06-94,Group stage,Nigeria,3,0,Bulgaria,,
478,1994,22-06-94,Group stage,Romania,1,4,Switzerland,,
479,1994,22-06-94,Group stage,United States,2,1,Colombia,,
480,1994,23-06-94,Group stage,Italy,1,0,Norway,,
481,1994,23-06-94,Group stage,South Korea,0,0,Bolivia,,
482,1994,24-06-94,Group stage,Mexico,2,1,Republic of Ireland,,
483,1994,24-06-94,Group stage,Brazil,3,0,Cameroon,,
484,1994,24-06-94,Group stage,Sweden,3,1,Russia,,
485,1994,25-06-94,Group stage,Belgium,1,0,Netherlands,,
486,1994,25-06-94,Group stage,Saudi Arabia,2,1,Morocco,,
487,1994,25-06-94,Group stage,Argentina,2,1,Nigeria,,
488,1994,26-06-94,Group stage,Bulgaria,4,0,Greece,,
489,1994,26-06-94,Group stage,United States,0,1,Romania,,
490,1994,26-06-94,Group stage,Switzerland,0,2,Colombia,,
491,1994,27-06-94,Group stage,Germany,3,2,South Korea,,
492,1994,27-06-94,Group stage,Bolivia,1,3,Spain,,
493,1994,28-06-94,Group stage,Republic of Ireland,0,0,Norway,,
494,1994,28-06-94,Group stage,Italy,1,1,Mexico,,
495,1994,28-06-94,Group stage,Brazil,1,1,Sweden,,
496,1994,28-06-94,Group stage,Russia,6,1,Cameroon,,
497,1994,29-06-94,Group stage,Morocco,1,2,Netherlands,,
498,1994,29-06-94,Group stage,Belgium,0,1,Saudi Arabia,,
499,1994,30-06-94,Group stage,Greece,0,2,Nigeria,,
500,1994,30-06-94,Group stage,Argentina,0,2,Bulgaria,,
501,1994,02-07-94,Round of 16,Germany,3,2,Belgium,,
502,1994,02-07-94,Round of 16,Spain,3,0,Switzerland,,
503,1994,03-07-94,Round of 16,Saudi Arabia,1,3,Sweden,,
504,1994,03-07-94,Round of 16,Romania,3,2,Argentina,,
505,1994,04-07-94,Round of 16,Netherlands,2,0,Republic of Ireland,,
506,1994,04-07-94,Round of 16,United States,0,1,Brazil,,
507,1994,05-07-94,Round of 16,Nigeria,1,2,Italy,Extra time,
508,1994,05-07-94,Round of 16,Mexico,1,1,Bulgaria,Bulgaria win on penalties (1 - 3),Bulgaria
509,1994,09-07-94,Quarter-finals,Italy,2,1,Spain,,
510,1994,09-07-94,Quarter-finals,Netherlands,2,3,Brazil,,
511,1994,10-07-94,Quarter-finals,Bulgaria,2,1,Germany,,
512,1994,10-07-94,Quarter-finals,Romania,2,2,Sweden,Sweden win on penalties (4 - 5),Sweden
513,1994,13-07-94,Semi-finals,Bulgaria,1,2,Italy,,
514,1994,13-07-94,Semi-finals,Sweden,0,1,Brazil,,
515,1994,16-07-94,Third place,Sweden,4,0,Bulgaria,,
516,1994,17-07-94,Final,Brazil,0,0,Italy,Brazil win on penalties (3 - 2),Brazil
517,1998,10-06-98,Group stage,Brazil,2,1,Scotland,,
518,1998,10-06-98,Group stage,Morocco,2,2,Norway,,
519,1998,11-06-98,Group stage,Italy,2,2,Chile,,
520,1998,11-06-98,Group stage,Cameroon,1,1,Austria,,
521,1998,12-06-98,Group stage,Paraguay,0,0,Bulgaria,,
522,1998,12-06-98,Group stage,Saudi Arabia,0,1,Denmark,,
523,1998,12-06-98,Group stage,France,3,0,South Africa,,
524,1998,13-06-98,Group stage,Spain,2,3,Nigeria,,
525,1998,13-06-98,Group stage,South Korea,1,3,Mexico,,
526,1998,13-06-98,Group stage,Netherlands,0,0,Belgium,,
527,1998,14-06-98,Group stage,Argentina,1,0,Japan,,
528,1998,14-06-98,Group stage,Yugoslavia,1,0,Iran,,
529,1998,14-06-98,Group stage,Jamaica,1,3,Croatia,,
530,1998,15-06-98,Group stage,England,2,0,Tunisia,,
531,1998,15-06-98,Group stage,Romania,1,0,Colombia,,
532,1998,15-06-98,Group stage,Germany,2,0,United States,,
533,1998,16-06-98,Group stage,Scotland,1,1,Norway,,
534,1998,16-06-98,Group stage,Brazil,3,0,Morocco,,
535,1998,17-06-98,Group stage,Chile,1,1,Austria,,
536,1998,17-06-98,Group stage,Italy,3,0,Cameroon,,
537,1998,18-06-98,Group stage,South Africa,1,1,Denmark,,
538,1998,18-06-98,Group stage,France,4,0,Saudi Arabia,,
539,1998,19-06-98,Group stage,Nigeria,1,0,Bulgaria,,
540,1998,19-06-98,Group stage,Spain,0,0,Paraguay,,
541,1998,20-06-98,Group stage,Japan,0,1,Croatia,,
542,1998,20-06-98,Group stage,Belgium,2,2,Mexico,,
543,1998,20-06-98,Group stage,Netherlands,5,0,South Korea,,
544,1998,21-06-98,Group stage,Germany,2,2,Yugoslavia,,
545,1998,21-06-98,Group stage,Argentina,5,0,Jamaica,,
546,1998,21-06-98,Group stage,United States,1,2,Iran,,
547,1998,22-06-98,Group stage,Colombia,1,0,Tunisia,,
548,1998,22-06-98,Group stage,Romania,2,1,England,,
549,1998,23-06-98,Group stage,Italy,2,1,Austria,,
550,1998,23-06-98,Group stage,Chile,1,1,Cameroon,,
551,1998,23-06-98,Group stage,Scotland,0,3,Morocco,,
552,1998,23-06-98,Group stage,Brazil,1,2,Norway,,
553,1998,24-06-98,Group stage,France,2,1,Denmark,,
554,1998,24-06-98,Group stage,South Africa,2,2,Saudi Arabia,,
555,1998,24-06-98,Group stage,Spain,6,1,Bulgaria,,
556,1998,24-06-98,Group stage,Nigeria,1,3,Paraguay,,
557,1998,25-06-98,Group stage,Belgium,1,1,South Korea,,
558,1998,25-06-98,Group stage,Netherlands,2,2,Mexico,,
559,1998,25-06-98,Group stage,Germany,2,0,Iran,,
560,1998,25-06-98,Group stage,United States,0,1,Yugoslavia,,
561,1998,26-06-98,Group stage,Japan,1,2,Jamaica,,
562,1998,26-06-98,Group stage,Argentina,1,0,Croatia,,
563,1998,26-06-98,Group stage,Romania,1,1,Tunisia,,
564,1998,26-06-98,Group stage,Colombia,0,2,England,,
565,1998,27-06-98,Round of 16,Italy,1,0,Norway,,
566,1998,27-06-98,Round of 16,Brazil,4,1,Chile,,
567,1998,28-06-98,Round of 16,France,1,0,Paraguay,Extra time,
568,1998,28-06-98,Round of 16,Nigeria,1,4,Denmark,,
569,1998,29-06-98,Round of 16,Germany,2,1,Mexico,,
570,1998,29-06-98,Round of 16,Netherlands,2,1,Yugoslavia,,
571,1998,30-06-98,Round of 16,Romania,0,1,Croatia,,
572,1998,30-06-98,Round of 16,Argentina,2,2,England,Argentina win on penalties (4 - 3),Argentina
573,1998,03-07-98,Quarter-finals,France,0,0,Italy,France win on penalties (3 - 4),France
574,1998,03-07-98,Quarter-finals,Brazil,3,2,Denmark,,
575,1998,04-07-98,Quarter-finals,Netherlands,2,1,Argentina,,
576,1998,04-07-98,Quarter-finals,Germany,0,3,Croatia,,
577,1998,07-07-98,Semi-finals,Brazil,1,1,Netherlands,Brazil win on penalties (4 - 2),Brazil
578,1998,08-07-98,Semi-finals,France,2,1,Croatia,,
579,1998,11-07-98,Third place,Netherlands,1,2,Croatia,,
580,1998,12-07-98,Final,France,3,0,Brazil,,
581,2002,31-05-02,Group stage,France,0,1,Senegal,,
582,2002,01-06-02,Group stage,Republic of Ireland,1,1,Cameroon,,
583,2002,01-06-02,Group stage,Uruguay,1,2,Denmark,,
584,2002,01-06-02,Group stage,Germany,8,0,Saudi Arabia,,
585,2002,02-06-02,Group stage,Argentina,1,0,Nigeria,,
586,2002,02-06-02,Group stage,Paraguay,2,2,South Africa,,
587,2002,02-06-02,Group stage,England,1,1,Sweden,,
588,2002,02-06-02,Group stage,Spain,3,1,Slovenia,,
589,2002,03-06-02,Group stage,Croatia,0,1,Mexico,,
590,2002,03-06-02,Group stage,Brazil,2,1,Turkey,,
591,2002,03-06-02,Group stage,Italy,2,0,Ecuador,,
592,2002,04-06-02,Group stage,China,0,2,Costa Rica,,
593,2002,04-06-02,Group stage,Japan,2,2,Belgium,,
594,2002,04-06-02,Group stage,South Korea,2,0,Poland,,
595,2002,05-06-02,Group stage,Russia,2,0,Tunisia,,
596,2002,05-06-02,Group stage,United States,3,2,Portugal,,
597,2002,05-06-02,Group stage,Germany,1,1,Republic of Ireland,,
598,2002,06-06-02,Group stage,Denmark,1,1,Senegal,,
599,2002,06-06-02,Group stage,Cameroon,1,0,Saudi Arabia,,
600,2002,06-06-02,Group stage,France,0,0,Uruguay,,
601,2002,07-06-02,Group stage,Sweden,2,1,Nigeria,,
602,2002,07-06-02,Group stage,Spain,3,1,Paraguay,,
603,2002,07-06-02,Group stage,Argentina,0,1,England,,
604,2002,08-06-02,Group stage,South Africa,1,0,Slovenia,,
605,2002,08-06-02,Group stage,Italy,1,2,Croatia,,
606,2002,08-06-02,Group stage,Brazil,4,0,China,,
607,2002,09-06-02,Group stage,Mexico,2,1,Ecuador,,
608,2002,09-06-02,Group stage,Costa Rica,1,1,Turkey,,
609,2002,09-06-02,Group stage,Japan,1,0,Russia,,
610,2002,10-06-02,Group stage,South Korea,1,1,United States,,
611,2002,10-06-02,Group stage,Tunisia,1,1,Belgium,,
612,2002,10-06-02,Group stage,Portugal,4,0,Poland,,
613,2002,11-06-02,Group stage,Denmark,2,0,France,,
614,2002,11-06-02,Group stage,Senegal,3,3,Uruguay,,
615,2002,11-06-02,Group stage,Saudi Arabia,0,3,Republic of Ireland,,
616,2002,11-06-02,Group stage,Cameroon,0,2,Germany,,
617,2002,12-06-02,Group stage,Sweden,1,1,Argentina,,
618,2002,12-06-02,Group stage,Nigeria,0,0,England,,
619,2002,12-06-02,Group stage,Slovenia,1,3,Paraguay,,
620,2002,12-06-02,Group stage,South Africa,2,3,Spain,,
621,2002,13-06-02,Group stage,Costa Rica,2,5,Brazil,,
622,2002,13-06-02,Group stage,Turkey,3,0,China,,
623,2002,13-06-02,Group stage,Ecuador,1,0,Croatia,,
624,2002,13-06-02,Group stage,Mexico,1,1,Italy,,
625,2002,14-06-02,Group stage,Japan,2,0,Tunisia,,
626,2002,14-06-02,Group stage,Belgium,3,2,Russia,,
627,2002,14-06-02,Group stage,South Korea,1,0,Portugal,,
628,2002,14-06-02,Group stage,Poland,3,1,United States,,
629,2002,15-06-02,Round of 16,Germany,1,0,Paraguay,,
630,2002,15-06-02,Round of 16,Denmark,0,3,England,,
631,2002,16-06-02,Round of 16,Sweden,1,2,Senegal,Golden goal,
632,2002,16-06-02,Round of 16,Spain,1,1,Republic of Ireland,Spain win on penalties (3 - 2),Spain
633,2002,17-06-02,Round of 16,Mexico,0,2,United States,,
634,2002,17-06-02,Round of 16,Brazil,2,0,Belgium,,
635,2002,18-06-02,Round of 16,Japan,0,1,Turkey,,
636,2002,18-06-02,Round of 16,South Korea,2,1,Italy,Golden goal,
637,2002,21-06-02,Quarter-finals,England,1,2,Brazil,,
638,2002,21-06-02,Quarter-finals,Germany,1,0,United States,,
639,2002,22-06-02,Quarter-finals,South Korea,0,0,Spain,South Korea win on penalties (3 - 5),South Korea
640,2002,22-06-02,Quarter-finals,Senegal,0,1,Turkey,Golden goal,
641,2002,25-06-02,Semi-finals,South Korea,0,1,Germany,,
642,2002,26-06-02,Semi-finals,Brazil,1,0,Turkey,,
643,2002,29-06-02,Third place,South Korea,2,3,Turkey,,
644,2002,30-06-02,Final,Germany,0,2,Brazil,,
645,2006,09-06-06,Group stage,Germany,4,2,Costa Rica,,
646,2006,09-06-06,Group stage,Poland,0,2,Ecuador,,
647,2006,10-06-06,Group stage,England,1,0,Paraguay,,
648,2006,10-06-06,Group stage,Trinidad and Tobago,0,0,Sweden,,
649,2006,10-06-06,Group stage,Argentina,2,1,Ivory Coast,,
650,2006,11-06-06,Group stage,Serbia,0,1,Netherlands,,
651,2006,11-06-06,Group stage,Mexico,3,1,Iran,,
652,2006,11-06-06,Group stage,Angola,0,1,Portugal,,
653,2006,12-06-06,Group stage,Australia,3,1,Japan,,
654,2006,12-06-06,Group stage,United States,0,3,Czech Republic,,
655,2006,12-06-06,Group stage,Italy,2,0,Ghana,,
656,2006,13-06-06,Group stage,South Korea,2,1,Togo,,
657,2006,13-06-06,Group stage,France,0,0,Switzerland,,
658,2006,13-06-06,Group stage,Brazil,1,0,Croatia,,
659,2006,14-06-06,Group stage,Spain,4,0,Ukraine,,
660,2006,14-06-06,Group stage,Tunisia,2,2,Saudi Arabia,,
661,2006,14-06-06,Group stage,Germany,1,0,Poland,,
662,2006,15-06-06,Group stage,Ecuador,3,0,Costa Rica,,
663,2006,15-06-06,Group stage,England,2,0,Trinidad and Tobago,,
664,2006,15-06-06,Group stage,Sweden,1,0,Paraguay,,
665,2006,16-06-06,Group stage,Argentina,6,0,Serbia,,
666,2006,16-06-06,Group stage,Netherlands,2,1,Ivory Coast,,
667,2006,16-06-06,Group stage,Mexico,0,0,Angola,,
668,2006,17-06-06,Group stage,Portugal,2,0,Iran,,
669,2006,17-06-06,Group stage,Czech Republic,0,2,Ghana,,
670,2006,17-06-06,Group stage,Italy,1,1,United States,,
671,2006,18-06-06,Group stage,Japan,0,0,Croatia,,
672,2006,18-06-06,Group stage,Brazil,2,0,Australia,,
673,2006,18-06-06,Group stage,France,1,1,South Korea,,
674,2006,19-06-06,Group stage,Togo,0,2,Switzerland,,
675,2006,19-06-06,Group stage,Saudi Arabia,0,4,Ukraine,,
676,2006,19-06-06,Group stage,Spain,3,1,Tunisia,,
677,2006,20-06-06,Group stage,Germany,3,0,Ecuador,,
678,2006,20-06-06,Group stage,Costa Rica,1,2,Poland,,
679,2006,20-06-06,Group stage,Sweden,2,2,England,,
680,2006,20-06-06,Group stage,Paraguay,2,0,Trinidad and Tobago,,
681,2006,21-06-06,Group stage,Iran,1,1,Angola,,
682,2006,21-06-06,Group stage,Portugal,2,1,Mexico,,
683,2006,21-06-06,Group stage,Netherlands,0,0,Argentina,,
684,2006,21-06-06,Group stage,Ivory Coast,3,2,Serbia,,
685,2006,22-06-06,Group stage,Czech Republic,0,2,Italy,,
686,2006,22-06-06,Group stage,Ghana,2,1,United States,,
687,2006,22-06-06,Group stage,Japan,1,4,Brazil,,
688,2006,22-06-06,Group stage,Croatia,2,2,Australia,,
689,2006,23-06-06,Group stage,Ukraine,1,0,Tunisia,,
690,2006,23-06-06,Group stage,Saudi Arabia,0,1,Spain,,
691,2006,23-06-06,Group stage,Togo,0,2,France,,
692,2006,23-06-06,Group stage,Switzerland,2,0,South Korea,,
693,2006,24-06-06,Round of 16,Germany,2,0,Sweden,,
694,2006,24-06-06,Round of 16,Argentina,2,1,Mexico,Extra time,
695,2006,25-06-06,Round of 16,England,1,0,Ecuador,,
696,2006,25-06-06,Round of 16,Portugal,1,0,Netherlands,,
697,2006,26-06-06,Round of 16,Italy,1,0,Australia,,
698,2006,26-06-06,Round of 16,Switzerland,0,0,Ukraine,Ukraine win on penalties (0 - 3),Ukraine
699,2006,27-06-06,Round of 16,Brazil,3,0,Ghana,,
700,2006,27-06-06,Round of 16,Spain,1,3,France,,
701,2006,30-06-06,Quarter-finals,Germany,1,1,Argentina,Germany win on penalties (4 - 2),Germany
702,2006,30-06-06,Quarter-finals,Italy,3,0,Ukraine,,
703,2006,01-07-06,Quarter-finals,England,0,0,Portugal,Portugal win on penalties (1 - 3),Portugal
704,2006,01-07-06,Quarter-finals,Brazil,0,1,France,,
705,2006,04-07-06,Semi-finals,Germany,0,2,Italy,Extra time,
706,2006,05-07-06,Semi-finals,Portugal,0,1,France,,
707,2006,08-07-06,Third place,Germany,3,1,Portugal,,
708,2006,09-07-06,Final,Italy,1,1,France,Italy win on penalties (5 - 3),Italy
709,2010,11-06-10,Group stage,South Africa,1,1,Mexico,,
710,2010,11-06-10,Group stage,Uruguay,0,0,France,,
711,2010,12-06-10,Group stage,South Korea,2,0,Greece,,
712,2010,12-06-10,Group stage,Argentina,1,0,Nigeria,,
713,2010,12-06-10,Group stage,England,1,1,United States,,
714,2010,13-06-10,Group stage,Algeria,0,1,Slovenia,,
715,2010,13-06-10,Group stage,Serbia,0,1,Ghana,,
716,2010,13-06-10,Group stage,Germany,4,0,Australia,,
717,2010,14-06-10,Group stage,Netherlands,2,0,Denmark,,
718,2010,14-06-10,Group stage,Japan,1,0,Cameroon,,
719,2010,14-06-10,Group stage,Italy,1,1,Paraguay,,
720,2010,15-06-10,Group stage,New Zealand,1,1,Slovakia,,
721,2010,15-06-10,Group stage,Ivory Coast,0,0,Portugal,,
722,2010,15-06-10,Group stage,Brazil,2,1,North Korea,,
723,2010,16-06-10,Group stage,Honduras,0,1,Chile,,
724,2010,16-06-10,Group stage,Spain,0,1,Switzerland,,
725,2010,16-06-10,Group stage,South Africa,0,3,Uruguay,,
726,2010,17-06-10,Group stage,Argentina,4,1,South Korea,,
727,2010,17-06-10,Group stage,Greece,2,1,Nigeria,,
728,2010,17-06-10,Group stage,France,0,2,Mexico,,
729,2010,18-06-10,Group stage,Germany,0,1,Serbia,,
730,2010,18-06-10,Group stage,Slovenia,2,2,United States,,
731,2010,18-06-10,Group stage,England,0,0,Algeria,,
732,2010,19-06-10,Group stage,Netherlands,1,0,Japan,,
733,2010,19-06-10,Group stage,Ghana,1,1,Australia,,
734,2010,19-06-10,Group stage,Cameroon,1,2,Denmark,,
735,2010,20-06-10,Group stage,Slovakia,0,2,Paraguay,,
736,2010,20-06-10,Group stage,Italy,1,1,New Zealand,,
737,2010,20-06-10,Group stage,Brazil,3,1,Ivory Coast,,
738,2010,21-06-10,Group stage,Portugal,7,0,North Korea,,
739,2010,21-06-10,Group stage,Chile,1,0,Switzerland,,
740,2010,21-06-10,Group stage,Spain,2,0,Honduras,,
741,2010,22-06-10,Group stage,Mexico,0,1,Uruguay,,
742,2010,22-06-10,Group stage,South Africa,2,1,France,,
743,2010,22-06-10,Group stage,Nigeria,2,2,South Korea,,
744,2010,22-06-10,Group stage,Greece,0,2,Argentina,,
745,2010,23-06-10,Group stage,Slovenia,0,1,England,,
746,2010,23-06-10,Group stage,United States,1,0,Algeria,,
747,2010,23-06-10,Group stage,Ghana,0,1,Germany,,
748,2010,23-06-10,Group stage,Australia,2,1,Serbia,,
749,2010,24-06-10,Group stage,Slovakia,3,2,Italy,,
750,2010,24-06-10,Group stage,Paraguay,0,0,New Zealand,,
751,2010,24-06-10,Group stage,Denmark,1,3,Japan,,
752,2010,24-06-10,Group stage,Cameroon,1,2,Netherlands,,
753,2010,25-06-10,Group stage,Portugal,0,0,Brazil,,
754,2010,25-06-10,Group stage,North Korea,0,3,Ivory Coast,,
755,2010,25-06-10,Group stage,Chile,1,2,Spain,,
756,2010,25-06-10,Group stage,Switzerland,0,0,Honduras,,
757,2010,26-06-10,Round of 16,Uruguay,2,1,South Korea,,
758,2010,26-06-10,Round of 16,United States,1,2,Ghana,Extra time,
759,2010,27-06-10,Round of 16,Germany,4,1,England,,
760,2010,27-06-10,Round of 16,Argentina,3,1,Mexico,,
761,2010,28-06-10,Round of 16,Netherlands,2,1,Slovakia,,
762,2010,28-06-10,Round of 16,Brazil,3,0,Chile,,
763,2010,29-06-10,Round of 16,Paraguay,0,0,Japan,Paraguay win on penalties (5 - 3),Paraguay
764,2010,29-06-10,Round of 16,Spain,1,0,Portugal,,
765,2010,02-07-10,Quarter-finals,Netherlands,2,1,Brazil,,
766,2010,02-07-10,Quarter-finals,Uruguay,1,1,Ghana,Uruguay win on penalties (4 - 2),Uruguay
767,2010,03-07-10,Quarter-finals,Argentina,0,4,Germany,,
768,2010,03-07-10,Quarter-finals,Paraguay,0,1,Spain,,
769,2010,06-07-10,Semi-finals,Uruguay,2,3,Netherlands,,
770,2010,07-07-10,Semi-finals,Germany,0,1,Spain,,
771,2010,10-07-10,Third place,Uruguay,2,3,Germany,,
772,2010,11-07-10,Final,Netherlands,0,1,Spain,Extra time,
773,2014,12-06-14,Group stage,Brazil,3,1,Croatia,,
774,2014,13-06-14,Group stage,Mexico,1,0,Cameroon,,
775,2014,13-06-14,Group stage,Spain,1,5,Netherlands,,
776,2014,13-06-14,Group stage,Chile,3,1,Australia,,
777,2014,14-06-14,Group stage,Colombia,3,0,Greece,,
778,2014,14-06-14,Group stage,Uruguay,1,3,Costa Rica,,
779,2014,14-06-14,Group stage,England,1,2,Italy,,
780,2014,14-06-14,Group stage,Ivory Coast,2,1,Japan,,
781,2014,15-06-14,Group stage,Switzerland,2,1,Ecuador,,
782,2014,15-06-14,Group stage,France,3,0,Honduras,,
783,2014,15-06-14,Group stage,Argentina,2,1,Bosnia and Herzegovina,,
784,2014,16-06-14,Group stage,Germany,4,0,Portugal,,
785,2014,16-06-14,Group stage,Iran,0,0,Nigeria,,
786,2014,16-06-14,Group stage,Ghana,1,2,United States,,
787,2014,17-06-14,Group stage,Belgium,2,1,Algeria,,
788,2014,17-06-14,Group stage,Brazil,0,0,Mexico,,
789,2014,17-06-14,Group stage,Russia,1,1,South Korea,,
790,2014,18-06-14,Group stage,Australia,2,3,Netherlands,,
791,2014,18-06-14,Group stage,Spain,0,2,Chile,,
792,2014,18-06-14,Group stage,Cameroon,0,4,Croatia,,
793,2014,19-06-14,Group stage,Colombia,2,1,Ivory Coast,,
794,2014,19-06-14,Group stage,Uruguay,2,1,England,,
795,2014,19-06-14,Group stage,Japan,0,0,Greece,,
796,2014,20-06-14,Group stage,Italy,0,1,Costa Rica,,
797,2014,20-06-14,Group stage,Switzerland,2,5,France,,
798,2014,20-06-14,Group stage,Honduras,1,2,Ecuador,,
799,2014,21-06-14,Group stage,Argentina,1,0,Iran,,
800,2014,21-06-14,Group stage,Germany,2,2,Ghana,,
801,2014,21-06-14,Group stage,Nigeria,1,0,Bosnia and Herzegovina,,
802,2014,22-06-14,Group stage,Belgium,1,0,Russia,,
803,2014,22-06-14,Group stage,South Korea,2,4,Algeria,,
804,2014,22-06-14,Group stage,United States,2,2,Portugal,,
805,2014,23-06-14,Group stage,Australia,0,3,Spain,,
806,2014,23-06-14,Group stage,Netherlands,2,0,Chile,,
807,2014,23-06-14,Group stage,Brazil,4,1,Cameroon,,
808,2014,23-06-14,Group stage,Croatia,1,3,Mexico,,
809,2014,24-06-14,Group stage,Italy,0,1,Uruguay,,
810,2014,24-06-14,Group stage,Costa Rica,0,0,England,,
811,2014,24-06-14,Group stage,Japan,1,4,Colombia,,
812,2014,24-06-14,Group stage,Greece,2,1,Ivory Coast,,
813,2014,25-06-14,Group stage,Nigeria,2,3,Argentina,,
814,2014,25-06-14,Group stage,Bosnia and Herzegovina,3,1,Iran,,
815,2014,25-06-14,Group stage,Honduras,0,3,Switzerland,,
816,2014,25-06-14,Group stage,Ecuador,0,0,France,,
817,2014,26-06-14,Group stage,United States,0,1,Germany,,
818,2014,26-06-14,Group stage,Portugal,2,1,Ghana,,
819,2014,26-06-14,Group stage,South Korea,0,1,Belgium,,
820,2014,26-06-14,Group stage,Algeria,1,1,Russia,,
821,2014,28-06-14,Round of 16,Brazil,1,1,Chile,Brazil win on penalties (3 - 2),Brazil
822,2014,28-06-14,Round of 16,Colombia,2,0,Uruguay,,
823,2014,29-06-14,Round of 16,Netherlands,2,1,Mexico,,
824,2014,29-06-14,Round of 16,Costa Rica,1,1,Greece,Costa Rica win on penalties (5 - 3),Costa Rica
825,2014,30-06-14,Round of 16,France,2,0,Nigeria,,
826,2014,30-06-14,Round of 16,Germany,2,1,Algeria,Extra time,
827,2014,01-07-14,Round of 16,Argentina,1,0,Switzerland,Extra time,
828,2014,01-07-14,Round of 16,Belgium,2,1,United States,Extra time,
829,2014,04-07-14,Quarter-finals,France,0,1,Germany,,
830,2014,04-07-14,Quarter-finals,Brazil,2,1,Colombia,,
831,2014,05-07-14,Quarter-finals,Argentina,1,0,Belgium,,
832,2014,05-07-14,Quarter-finals,Netherlands,0,0,Costa Rica,Netherlands win on penalties (4 - 3),Netherlands
833,2014,08-07-14,Semi-finals,Brazil,1,7,Germany,,
834,2014,09-07-14,Semi-finals,Netherlands,0,0,Argentina,Argentina win on penalties (2 - 4),Argentina
835,2014,12-07-14,Third place,Brazil,0,3,Netherlands,,
836,2014,13-07-14,Final,Germany,1,0,Argentina,Extra time,
837,2018,14-06-18,Group stage,Russia,5,0,Saudi Arabia,,
838,2018,15-06-18,Group stage,Egypt,0,1,Uruguay,,
839,2018,15-06-18,Group stage,Morocco,0,1,Iran,,
840,2018,15-06-18,Group stage,Portugal,3,3,Spain,,
841,2018,16-06-18,Group stage,France,2,1,Australia,,
842,2018,16-06-18,Group stage,Argentina,1,1,Iceland,,
843,2018,16-06-18,Group stage,Peru,0,1,Denmark,,
844,2018,16-06-18,Group stage,Croatia,2,0,Nigeria,,
845,2018,17-06-18,Group stage,Costa Rica,0,1,Serbia,,
846,2018,17-06-18,Group stage,Germany,0,1,Mexico,,
847,2018,17-06-18,Group stage,Brazil,1,1,Switzerland,,
848,2018,18-06-18,Group stage,Sweden,1,0,South Korea,,
849,2018,18-06-18,Group stage,Belgium,3,0,Panama,,
850,2018,18-06-18,Group stage,Tunisia,1,2,England,,
851,2018,19-06-18,Group stage,Colombia,1,2,Japan,,
852,2018,19-06-18,Group stage,Poland,1,2,Senegal,,
853,2018,19-06-18,Group stage,Russia,3,1,Egypt,,
854,2018,20-06-18,Group stage,Portugal,1,0,Morocco,,
855,2018,20-06-18,Group stage,Uruguay,1,0,Saudi Arabia,,
856,2018,20-06-18,Group stage,Iran,0,1,Spain,,
857,2018,21-06-18,Group stage,Denmark,1,1,Australia,,
858,2018,21-06-18,Group stage,France,1,0,Peru,,
859,2018,21-06-18,Group stage,Argentina,0,3,Croatia,,
860,2018,22-06-18,Group stage,Brazil,2,0,Costa Rica,,
861,2018,22-06-18,Group stage,Nigeria,2,0,Iceland,,
862,2018,22-06-18,Group stage,Serbia,1,2,Switzerland,,
863,2018,23-06-18,Group stage,Belgium,5,2,Tunisia,,
864,2018,23-06-18,Group stage,South Korea,1,2,Mexico,,
865,2018,23-06-18,Group stage,Germany,2,1,Sweden,,
866,2018,24-06-18,Group stage,England,6,1,Panama,,
867,2018,24-06-18,Group stage,Japan,2,2,Senegal,,
868,2018,24-06-18,Group stage,Poland,0,3,Colombia,,
869,2018,25-06-18,Group stage,Russia,0,3,Uruguay,,
870,2018,25-06-18,Group stage,Saudi Arabia,2,1,Egypt,,
871,2018,25-06-18,Group stage,Spain,2,2,Morocco,,
872,2018,25-06-18,Group stage,Iran,1,1,Portugal,,
873,2018,26-06-18,Group stage,Australia,0,2,Peru,,
874,2018,26-06-18,Group stage,Denmark,0,0,France,,
875,2018,26-06-18,Group stage,Nigeria,1,2,Argentina,,
876,2018,26-06-18,Group stage,Iceland,1,2,Croatia,,
877,2018,27-06-18,Group stage,South Korea,2,0,Germany,,
878,2018,27-06-18,Group stage,Mexico,0,3,Sweden,,
879,2018,27-06-18,Group stage,Serbia,0,2,Brazil,,
880,2018,27-06-18,Group stage,Switzerland,2,2,Costa Rica,,
881,2018,28-06-18,Group stage,Japan,0,1,Poland,,
882,2018,28-06-18,Group stage,Senegal,0,1,Colombia,,
883,2018,28-06-18,Group stage,Panama,1,2,Tunisia,,
884,2018,28-06-18,Group stage,England,0,1,Belgium,,
885,2018,30-06-18,Round of 16,France,4,3,Argentina,,
886,2018,30-06-18,Round of 16,Uruguay,2,1,Portugal,,
887,2018,01-07-18,Round of 16,Russia,1,1,Spain,Russia win on penalties (4 - 3),Russia
888,2018,01-07-18,Round of 16,Croatia,1,1,Denmark,Croatia win on penalties (3 - 2),Croatia
889,2018,02-07-18,Round of 16,Brazil,2,0,Mexico,,
890,2018,02-07-18,Round of 16,Belgium,3,2,Japan,,
891,2018,03-07-18,Round of 16,Sweden,1,0,Switzerland,,
892,2018,03-07-18,Round of 16,Colombia,1,1,England,England win on penalties (3 - 4),England
893,2018,06-07-18,Quarter-finals,Uruguay,0,2,France,,
894,2018,06-07-18,Quarter-finals,Brazil,1,2,Belgium,,
895,2018,07-07-18,Quarter-finals,Sweden,0,2,England,,
896,2018,07-07-18,Quarter-finals,Russia,2,2,Croatia,Croatia win on penalties (3 - 4),Croatia
897,2018,10-07-18,Semi-finals,France,1,0,Belgium,,
898,2018,11-07-18,Semi-finals,Croatia,2,1,England,Extra time,
899,2018,14-07-18,Third place,Belgium,2,0,England,,
900,2018,15-07-18,Final,France,4,2,Croatia,,
901,2022,20-11-22,Group stage,Qatar,0,2,Ecuador,,
902,2022,21-11-22,Group stage,England,6,2,Iran,,
903,2022,21-11-22,Group stage,Senegal,0,2,Netherlands,,
904,2022,21-11-22,Group stage,United States,1,1,Wales,,
905,2022,22-11-22,Group stage,Argentina,1,2,Saudi Arabia,,
906,2022,22-11-22,Group stage,Denmark,0,0,Tunisia,,
907,2022,22-11-22,Group stage,Mexico,0,0,Poland,,
908,2022,22-11-22,Group stage,France,4,1,Australia,,
909,2022,23-11-22,Group stage,Morocco,0,0,Croatia,,
910,2022,23-11-22,Group stage,Germany,1,2,Japan,,
911,2022,23-11-22,Group stage,Spain,7,0,Costa Rica,,
912,2022,23-11-22,Group stage,Belgium,1,0,Canada,,
913,2022,24-11-22,Group stage,Switzerland,1,0,Cameroon,,
914,2022,24-11-22,Group stage,Uruguay,0,0,South Korea,,
915,2022,24-11-22,Group stage,Portugal,3,2,Ghana,,
916,2022,24-11-22,Group stage,Brazil,2,0,Serbia,,
917,2022,25-11-22,Group stage,Wales,0,2,Iran,,
918,2022,25-11-22,Group stage,Qatar,1,3,Senegal,,
919,2022,25-11-22,Group stage,Netherlands,1,1,Ecuador,,
920,2022,25-11-22,Group stage,England,0,0,United States,,
921,2022,26-11-22,Group stage,Tunisia,0,1,Australia,,
922,2022,26-11-22,Group stage,Poland,2,0,Saudi Arabia,,
923,2022,26-11-22,Group stage,France,2,1,Denmark,,
924,2022,26-11-22,Group stage,Argentina,2,0,Mexico,,
925,2022,27-11-22,Group stage,Japan,0,1,Costa Rica,,
926,2022,27-11-22,Group stage,Belgium,0,2,Morocco,,
927,2022,27-11-22,Group stage,Croatia,4,1,Canada,,
928,2022,27-11-22,Group stage,Spain,1,1,Germany,,
929,2022,28-11-22,Group stage,Cameroon,3,3,Serbia,,
930,2022,28-11-22,Group stage,South Korea,2,3,Ghana,,
931,2022,28-11-22,Group stage,Brazil,1,0,Switzerland,,
932,2022,28-11-22,Group stage,Portugal,2,0,Uruguay,,
933,2022,29-11-22,Group stage,Ecuador,1,2,Senegal,,
934,2022,29-11-22,Group stage,Netherlands,2,0,Qatar,,
935,2022,29-11-22,Group stage,Iran,0,1,United States,,
936,2022,29-11-22,Group stage,Wales,0,3,England,,
937,2022,30-11-22,Group stage,Australia,1,0,Denmark,,
938,2022,30-11-22,Group stage,Tunisia,1,0,France,,
939,2022,30-11-22,Group stage,Poland,0,2,Argentina,,
940,2022,30-11-22,Group stage,Saudi Arabia,1,2,Mexico,,
941,2022,01-12-22,Group stage,Canada,1,2,Morocco,,
942,2022,01-12-22,Group stage,Croatia,0,0,Belgium,,
943,2022,01-12-22,Group stage,Costa Rica,2,4,Germany,,
944,2022,01-12-22,Group stage,Japan,2,1,Spain,,
945,2022,02-12-22,Group stage,Ghana,0,2,Uruguay,,
946,2022,02-12-22,Group stage,South Korea,2,1,Portugal,,
947,2022,02-12-22,Group stage,Cameroon,1,0,Brazil,,
948,2022,02-12-22,Group stage,Serbia,2,3,Switzerland,,
949,2022,03-12-22,Round of 16,Netherlands,3,1,United States,,
950,2022,03-12-22,Round of 16,Argentina,2,1,Australia,,
951,2022,04-12-22,Round of 16,France,3,1,Poland,,
952,2022,04-12-22,Round of 16,England,3,0,Senegal,,
953,2022,05-12-22,Round of 16,Japan,1,1,Croatia,Croatia win on penalties (3 - 1),Croatia
954,2022,05-12-22,Round of 16,Brazil,4,1,South Korea,,
955,2022,06-12-22,Round of 16,Morocco,0,0,Spain,Morocco win on penalties (3 - 0),Morocco
956,2022,06-12-22,Round of 16,Portugal,6,1,Switzerland,,
957,2022,09-12-22,Quarter-finals,Croatia,1,1,Brazil,Croatia win on penalties (4 - 2),Croatia
958,2022,09-12-22,Quarter-finals,Netherlands,2,2,Argentina,Argentina win on penalties (4 - 3),Argentina
959,2022,10-12-22,Quarter-finals,Morocco,1,0,Portugal,,
960,2022,10-12-22,Quarter-finals,England,1,2,France,,
961,2022,13-12-22,Semi-finals,Argentina,3,0,Croatia,,
962,2022,14-12-22,Semi-finals,France,2,0,Morocco,,
963,2022,17-12-22,Third place,Croatia,2,1,Morocco,,
964,2022,18-12-22,Final,Argentina,3,3,France,Argentina win on penalties (4 - 2),Argentina
